{"nVersion":3,"mapCache":[[386360,{"appid":386360,"unlocked":202,"total":319,"percentage":63.32288360595703,"all_unlocked":false,"cache_time":1715904312}],[518790,{"appid":518790,"unlocked":5,"total":160,"percentage":3.125,"all_unlocked":false,"cache_time":1716174000}],[960090,{"appid":960090,"unlocked":27,"total":150,"percentage":18,"all_unlocked":false,"cache_time":1716802841}],[1476970,{"appid":1476970,"unlocked":44,"total":61,"percentage":72.13114929199219,"all_unlocked":false,"cache_time":1720214700}],[2567870,{"appid":2567870,"unlocked":2,"total":16,"percentage":12.5,"all_unlocked":false,"cache_time":1719734694}]]}